<?xml version="1.0" encoding="UTF-8" ?>
<Data><Series>
  <id>73141</id>
  <Actors>|Seth MacFarlane|Wendy Schaal|Scott Grimes|Dee Bradley Baker|Rachael MacFarlane|Patrick Stewart|</Actors>
  <Airs_DayOfWeek>Sunday</Airs_DayOfWeek>
  <Airs_Time>9:30 PM</Airs_Time>
  <ContentRating>TV-14</ContentRating>
  <FirstAired>2005-02-06</FirstAired>
  <Genre>|Animation|Comedy|</Genre>
  <IMDB_ID>tt0397306</IMDB_ID>
  <Language>en</Language>
  <Network>FOX</Network>
  <NetworkID></NetworkID>
  <Overview>The show revolves around C.I.A. Agent Stan Smith, and his not so average family. Stan is constantly fighting off terrorists who threaten the safety of the United States, sometimes causing more harm than good. His wife Francine is your average house wife. She juggles Stan and the kids while keeping a sound mind. Hayley, Stan's only daughter, is your average rebellious teenager. She speaks her own mind, and does things her own way. Steve, Stan's only son, is a bit of a &quot;geek&quot;. He enjoys games like Dungeons and Dragons, and participating in comic book conventions. Although he's not Stan's dream son, he always makes him proud. Then there's Roger, the illegal alien (literally) who the Smith's are keeping protected. Roger deals with your average alien emotions, and the fact that he is not allowed out in public, which causes him great distress. Last but not least, Klaus, the Smith's wisecracking talking fish (well, after he was removed from his body) who is secretly in love with Francine. </Overview>
  <Rating>8.5</Rating>
  <RatingCount>220</RatingCount>
  <Runtime>20</Runtime>
  <SeriesID>21935</SeriesID>
  <SeriesName>American Dad!</SeriesName>
  <Status>Continuing</Status>
  <added></added>
  <addedBy></addedBy>
  <banner>graphical/73141-g7.jpg</banner>
  <fanart>fanart/original/73141-2.jpg</fanart>
  <lastupdated>1352955932</lastupdated>
  <poster>posters/73141-1.jpg</poster>
  <zap2it_id>SH00716445</zap2it_id>
</Series>
<Episode>
  <id>4407927</id>
  <Combined_episodenumber>0</Combined_episodenumber>
  <Combined_season>0</Combined_season>
  <DVD_chapter></DVD_chapter>
  <DVD_discid></DVD_discid>
  <DVD_episodenumber></DVD_episodenumber>
  <DVD_season></DVD_season>
  <Director></Director>
  <EpImgFlag></EpImgFlag>
  <EpisodeName></EpisodeName>
  <EpisodeNumber>0</EpisodeNumber>
  <FirstAired></FirstAired>
  <GuestStars></GuestStars>
  <IMDB_ID></IMDB_ID>
  <Language>en</Language>
  <Overview></Overview>
  <ProductionCode></ProductionCode>
  <Rating></Rating>
  <RatingCount>0</RatingCount>
  <SeasonNumber>0</SeasonNumber>
  <Writer></Writer>
  <absolute_number></absolute_number>
  <airsafter_season></airsafter_season>
  <airsbefore_episode></airsbefore_episode>
  <airsbefore_season></airsbefore_season>
  <filename></filename>
  <lastupdated>1352397961</lastupdated>
  <seasonid>20606</seasonid>
  <seriesid>73141</seriesid>
</Episode>
<Episode>
  <id>4321587</id>
  <Combined_episodenumber>0</Combined_episodenumber>
  <Combined_season>0</Combined_season>
  <DVD_chapter></DVD_chapter>
  <DVD_discid></DVD_discid>
  <DVD_episodenumber></DVD_episodenumber>
  <DVD_season></DVD_season>
  <Director>Seth MacFarlane</Director>
  <EpImgFlag></EpImgFlag>
  <EpisodeName>Original Pilot</EpisodeName>
  <EpisodeNumber>0</EpisodeNumber>
  <FirstAired>2012-05-06</FirstAired>
  <GuestStars></GuestStars>
  <IMDB_ID></IMDB_ID>
  <Language>en</Language>
  <Overview>Francine puts Roger on a diet. After begin rejected by a girl, Steve notices that girls are affectionate to men with dogs, and wants to get a dog. Hayley agrees to provide Roger with Junk food when he offers to write her English papers for her. Stan rigs the school election so that Steve becomes the school president. 

* THIS IS THE PILOT. THE CHARACTERS WERE CHANGED FOR THE SERIES BASED ON THIS EPISODE *</Overview>
  <ProductionCode></ProductionCode>
  <Rating>8.0</Rating>
  <RatingCount>2</RatingCount>
  <SeasonNumber>0</SeasonNumber>
  <Writer>Seth MacFarlane</Writer>
  <absolute_number></absolute_number>
  <airsafter_season></airsafter_season>
  <airsbefore_episode>1</airsbefore_episode>
  <airsbefore_season>1</airsbefore_season>
  <filename></filename>
  <lastupdated>1336331918</lastupdated>
  <seasonid>20606</seasonid>
  <seriesid>73141</seriesid>
</Episode>
<Episode>
  <id>302986</id>
  <Combined_episodenumber>1</Combined_episodenumber>
  <Combined_season>0</Combined_season>
  <DVD_chapter></DVD_chapter>
  <DVD_discid></DVD_discid>
  <DVD_episodenumber></DVD_episodenumber>
  <DVD_season></DVD_season>
  <Director></Director>
  <EpImgFlag>1</EpImgFlag>
  <EpisodeName>Inside the CIA</EpisodeName>
  <EpisodeNumber>1</EpisodeNumber>
  <FirstAired>2005-04-01</FirstAired>
  <GuestStars></GuestStars>
  <IMDB_ID></IMDB_ID>
  <Language>en</Language>
  <Overview>This three-minute short is a take-off on CIA training films from the 50s.</Overview>
  <ProductionCode></ProductionCode>
  <Rating>7.3</Rating>
  <RatingCount>4</RatingCount>
  <SeasonNumber>0</SeasonNumber>
  <Writer></Writer>
  <absolute_number></absolute_number>
  <airsafter_season></airsafter_season>
  <airsbefore_episode>1</airsbefore_episode>
  <airsbefore_season>1</airsbefore_season>
  <filename>episodes/73141/302986.jpg</filename>
  <lastupdated>1217187336</lastupdated>
  <seasonid>20606</seasonid>
  <seriesid>73141</seriesid>
</Episode>
<Episode>
  <id>4436616</id>
  <Combined_episodenumber>6</Combined_episodenumber>
  <Combined_season>9</Combined_season>
  <DVD_chapter></DVD_chapter>
  <DVD_discid></DVD_discid>
  <DVD_episodenumber></DVD_episodenumber>
  <DVD_season></DVD_season>
  <Director></Director>
  <EpImgFlag></EpImgFlag>
  <EpisodeName>Minstrel Krampus</EpisodeName>
  <EpisodeNumber>6</EpisodeNumber>
  <FirstAired>2012-12-16</FirstAired>
  <GuestStars></GuestStars>
  <IMDB_ID></IMDB_ID>
  <Language>en</Language>
  <Overview>It’s holiday time in Langley Falls and Steve starts acting like a spoiled brat. So Stan takes him to see his incarcerated Grandpa Jack, who tells the story of how, as a boy, he captured the legendary Minstrel Krampus, a Christmas demon who used to punish naughty children on Christmas. Meanwhile, Hayley gets a job at the airport, but realizes she may not be cut out for customer service. </Overview>
  <ProductionCode></ProductionCode>
  <Rating></Rating>
  <RatingCount>0</RatingCount>
  <SeasonNumber>9</SeasonNumber>
  <Writer></Writer>
  <absolute_number></absolute_number>
  <filename></filename>
  <lastupdated>1352803351</lastupdated>
  <seasonid>494246</seasonid>
  <seriesid>73141</seriesid>
</Episode>
</Data>
